{
  "password": "$2b$10$mV1X3wmw3EXNGei6x.RXC./sFGh4bZHov5KFxnGSgQCc/FO0RgYxe",
  "gifUrl": "https://i.postimg.cc/NM0GVqkV/image.jpg",
  "primaryColor": "#ff0000",
  "secondaryColor": "#0000ff",
  "accentColor": "#000000",
  "uploadEnabled": true,
  "youtubeEnabled": true,
  "announcement": "",
  "statistics": {
    "totalUploads": 0,
    "totalDownloads": 0,
    "activeUsers": 0,
    "systemUptime": 0
  },
  "features": {
    "emailNotifications": true,
    "autoCleanup": true,
    "compressionEnabled": true,
    "maxFileSize": 104857600,
    "allowedVideoFormats": [
      "mp4",
      "avi",
      "mov",
      "mkv",
      "webm"
    ],
    "allowedAudioFormats": [
      "mp3",
      "wav",
      "ogg",
      "m4a",
      "flac"
    ],
    "allowedImageFormats": [
      "png",
      "jpg",
      "jpeg",
      "gif",
      "webp"
    ]
  },
  "limits": {
    "maxFps": 60,
    "minFps": 10,
    "maxQuality": 100,
    "minQuality": 30,
    "maxDuration": 600,
    "maxFrames": 1800
  },
  "paths": {
    "uploadsDir": "uploads",
    "outputDir": "output",
    "zipsDir": "zips",
    "tempDir": "temp"
  },
  "cleanup": {
    "tempFileLifetime": 3600,
    "outputFileLifetime": 86400,
    "logFileLifetime": 604800,
    "cleanupInterval": 1800
  },
  "email": {
    "enabled": true,
    "templatePath": "templates/notification.html",
    "from": "BetMC Texture Generator",
    "subject": "🎮 Texture Pack พร้อมแล้ว!"
  },
  "security": {
    "maxLoginAttempts": 5,
    "lockoutDuration": 900,
    "sessionTimeout": 3600,
    "allowedOrigins": [
      "*"
    ],
    "rateLimiting": {
      "windowMs": 900000,
      "max": 10
    }
  },
  "performance": {
    "maxConcurrentProcesses": 3,
    "compressionLevel": 6,
    "thumbnailSize": 320,
    "previewFrames": 5
  }
}